file_date,n
2017-01-01,25
2017-01-02,28
2017-01-03,17
2017-01-04,20
2017-01-05,21
2017-01-06,15
2017-01-07,21
2017-01-08,23
2017-01-09,27
2017-01-10,25
2017-01-11,28
2017-01-12,28
2017-01-13,39
2017-01-14,22
2017-01-15,24
2017-01-16,27
2017-01-17,20
2017-01-18,28
2017-01-19,37
2017-01-20,20
2017-01-21,23
2017-01-22,39
2017-01-23,38
2017-01-24,29
2017-01-25,16
2017-01-26,22
2017-01-27,34
2017-01-28,19
2017-01-29,21
2017-01-30,31
2017-01-31,41
2017-02-01,23
2017-02-02,32
2017-02-03,27
2017-02-04,24
2017-02-05,22
2017-02-06,40
2017-02-07,23
2017-02-08,36
2017-02-09,31
2017-02-10,37
2017-02-11,33
2017-02-12,43
2017-02-13,21
2017-02-14,26
2017-02-15,21
2017-02-16,24
2017-02-17,31
2017-02-18,31
2017-02-19,22
2017-02-20,30
2017-02-21,34
2017-02-22,29
2017-02-23,33
2017-02-24,32
2017-02-25,21
2017-02-26,23
2017-02-27,35
2017-02-28,22
2017-03-01,32
2017-03-02,33
2017-03-03,29
2017-03-04,36
2017-03-05,20
2017-03-06,24
2017-03-07,21
2017-03-08,29
2017-03-09,37
2017-03-10,35
2017-03-11,28
2017-03-12,14
2017-03-13,38
2017-03-14,21
2017-03-15,21
2017-03-16,16
2017-03-17,38
2017-03-18,25
2017-03-19,32
2017-03-20,38
2017-03-21,27
2017-03-22,16
2017-03-23,42
2017-03-24,32
2017-03-25,15
2017-03-26,19
2017-03-27,32
2017-03-28,21
2017-03-29,24
2017-03-30,25
2017-03-31,36
2017-04-01,25
2017-04-02,24
2017-04-03,35
2017-04-04,28
2017-04-05,19
2017-04-06,28
2017-04-07,28
2017-04-08,32
2017-04-09,27
2017-04-10,34
2017-04-11,27
2017-04-12,19
2017-04-13,28
2017-04-14,20
2017-04-15,21
2017-04-16,25
2017-04-17,29
2017-04-18,30
2017-04-19,30
2017-04-20,27
2017-04-21,29
2017-04-22,28
2017-04-23,19
2017-04-24,27
2017-04-25,33
2017-04-26,21
2017-04-27,58
2017-04-28,21
2017-04-29,34
2017-04-30,25
2017-05-01,26
2017-05-02,26
2017-05-03,25
2017-05-04,30
2017-05-05,34
2017-05-06,21
2017-05-07,21
2017-05-08,26
2017-05-09,35
2017-05-10,37
2017-05-11,36
2017-05-12,45
2017-05-13,17
2017-05-14,30
2017-05-15,22
2017-05-16,28
2017-05-17,22
2017-05-18,23
2017-05-19,47
2017-05-20,21
2017-05-21,35
2017-05-22,25
2017-05-23,38
2017-05-24,30
2017-05-25,38
2017-05-26,29
2017-05-27,30
2017-05-28,36
2017-05-29,30
2017-05-30,27
2017-05-31,20
2017-06-01,24
2017-06-02,34
2017-06-03,29
2017-06-04,22
2017-06-05,30
2017-06-06,31
2017-06-07,28
2017-06-08,41
2017-06-09,38
2017-06-10,30
2017-06-11,25
2017-06-12,20
2017-06-13,27
2017-06-14,26
2017-06-15,31
2017-06-16,32
2017-06-17,30
2017-06-18,21
2017-06-19,32
2017-06-20,26
2017-06-21,23
2017-06-22,37
2017-06-23,28
2017-06-24,25
2017-06-25,34
2017-06-26,26
2017-06-27,35
2017-06-28,31
2017-06-29,36
2017-06-30,44
2017-07-01,50
2017-07-02,22
2017-07-03,19
2017-07-04,23
2017-07-05,37
2017-07-06,31
2017-07-07,33
2017-07-08,27
2017-07-09,30
2017-07-10,21
2017-07-11,39
2017-07-12,13
2017-07-13,35
2017-07-14,26
2017-07-15,18
2017-07-16,27
2017-07-17,27
2017-07-18,27
2017-07-19,32
2017-07-20,28
2017-07-21,25
2017-07-22,15
2017-07-23,14
2017-07-24,38
2017-07-25,16
2017-07-26,23
2017-07-27,27
2017-07-28,44
2017-07-29,26
2017-07-30,30
2017-07-31,42
2017-08-01,34
2017-08-02,25
2017-08-03,31
2017-08-04,28
2017-08-05,29
2017-08-06,29
2017-08-07,27
2017-08-08,30
2017-08-09,21
2017-08-10,36
2017-08-11,30
2017-08-12,27
2017-08-13,31
2017-08-14,28
2017-08-15,32
2017-08-16,23
2017-08-17,24
2017-08-18,32
2017-08-19,33
2017-08-20,30
2017-08-21,42
2017-08-22,21
2017-08-23,30
2017-08-24,23
2017-08-25,24
2017-08-26,24
2017-08-27,2
2017-08-28,5
2017-08-29,6
2017-08-30,14
2017-08-31,14
2017-09-01,25
2017-09-02,20
2017-09-03,38
2017-09-04,20
2017-09-05,18
2017-09-06,22
2017-09-07,29
2017-09-08,19
2017-09-09,22
2017-09-10,22
2017-09-11,25
2017-09-12,19
2017-09-13,29
2017-09-14,30
2017-09-15,43
2017-09-16,31
2017-09-17,34
2017-09-18,52
2017-09-19,28
2017-09-20,26
2017-09-21,25
2017-09-22,34
2017-09-23,16
2017-09-24,25
2017-09-25,33
2017-09-26,32
2017-09-27,15
2017-09-28,18
2017-09-29,44
2017-09-30,22
2017-10-01,28
2017-10-02,29
2017-10-03,11
2017-10-04,30
2017-10-05,18
2017-10-06,21
2017-10-07,28
2017-10-08,20
2017-10-09,22
2017-10-10,24
2017-10-11,20
2017-10-12,28
2017-10-13,53
2017-10-14,22
2017-10-15,28
2017-10-16,29
2017-10-17,30
2017-10-18,32
2017-10-19,37
2017-10-20,31
2017-10-21,22
2017-10-22,35
2017-10-23,22
2017-10-24,17
2017-10-25,21
2017-10-26,37
2017-10-27,51
2017-10-28,17
2017-10-29,24
2017-10-30,32
2017-10-31,22
2017-11-01,24
2017-11-02,37
2017-11-03,28
2017-11-04,41
2017-11-05,25
2017-11-06,27
2017-11-07,35
2017-11-08,41
2017-11-09,24
2017-11-10,29
2017-11-11,30
2017-11-12,24
2017-11-13,32
2017-11-14,36
2017-11-15,19
2017-11-16,33
2017-11-17,31
2017-11-18,25
2017-11-19,24
2017-11-20,25
2017-11-21,23
2017-11-22,29
2017-11-23,27
2017-11-24,22
2017-11-25,18
2017-11-26,39
2017-11-27,20
2017-11-28,24
2017-11-29,51
2017-11-30,30
2017-12-01,29
2017-12-02,40
2017-12-03,21
2017-12-04,35
2017-12-05,13
2017-12-06,23
2017-12-07,20
2017-12-08,21
2017-12-09,21
2017-12-10,25
2017-12-11,25
2017-12-12,33
2017-12-13,24
2017-12-14,38
2017-12-15,36
2017-12-16,20
2017-12-17,34
2017-12-18,28
2017-12-19,47
2017-12-20,35
2017-12-21,31
2017-12-22,24
2017-12-23,25
2017-12-24,31
2017-12-25,38
2017-12-26,27
2017-12-27,32
2017-12-28,30
2017-12-29,37
2017-12-30,23
2017-12-31,31
2018-01-01,40
2018-01-02,27
2018-01-03,28
2018-01-04,27
2018-01-05,29
2018-01-06,31
2018-01-07,29
2018-01-08,30
2018-01-09,29
2018-01-10,27
2018-01-11,40
2018-01-12,32
2018-01-13,27
2018-01-14,25
2018-01-15,28
2018-01-16,23
2018-01-17,29
2018-01-18,10
2018-01-19,24
2018-01-20,28
2018-01-21,24
2018-01-22,32
2018-01-23,33
2018-01-24,36
2018-01-25,20
2018-01-26,16
2018-01-27,41
2018-01-28,32
2018-01-29,33
2018-01-30,30
2018-01-31,26
2018-02-01,29
2018-02-02,43
2018-02-03,21
2018-02-04,30
2018-02-05,32
2018-02-06,25
2018-02-07,39
2018-02-08,24
2018-02-09,33
2018-02-10,27
2018-02-11,26
2018-02-12,20
2018-02-13,39
2018-02-14,30
2018-02-15,32
2018-02-16,36
2018-02-17,35
2018-02-18,34
2018-02-19,29
2018-02-20,32
2018-02-21,26
2018-02-22,24
2018-02-23,50
2018-02-24,30
2018-02-25,27
2018-02-26,23
2018-02-27,26
2018-02-28,26
2018-03-01,44
2018-03-02,40
2018-03-03,40
2018-03-04,34
2018-03-05,38
2018-03-06,20
2018-03-07,33
2018-03-08,36
2018-03-09,44
2018-03-10,29
2018-03-11,42
2018-03-12,55
2018-03-13,28
2018-03-14,33
2018-03-15,30
2018-03-16,53
2018-03-17,46
2018-03-18,38
2018-03-19,49
2018-03-20,43
2018-03-21,44
2018-03-22,40
2018-03-23,40
2018-03-24,33
2018-03-25,40
2018-03-26,59
2018-03-27,26
2018-03-28,37
2018-03-29,38
2018-03-30,38
2018-03-31,35
2018-04-01,33
2018-04-02,35
2018-04-03,33
2018-04-04,39
2018-04-05,31
2018-04-06,32
2018-04-07,40
2018-04-08,33
2018-04-09,51
2018-04-10,19
2018-04-11,33
2018-04-12,38
2018-04-13,31
2018-04-14,38
2018-04-15,40
2018-04-16,45
2018-04-17,32
2018-04-18,38
2018-04-19,32
2018-04-20,34
2018-04-21,29
2018-04-22,21
2018-04-23,37
2018-04-24,30
2018-04-25,34
2018-04-26,35
2018-04-27,32
2018-04-28,47
2018-04-29,32
2018-04-30,44
2018-05-01,36
2018-05-02,42
2018-05-03,32
2018-05-04,49
2018-05-05,43
2018-05-06,36
2018-05-07,37
2018-05-08,59
2018-05-09,26
2018-05-10,35
2018-05-11,46
2018-05-12,43
2018-05-13,40
2018-05-14,66
2018-05-15,32
2018-05-16,48
2018-05-17,53
2018-05-18,49
2018-05-19,37
2018-05-20,36
2018-05-21,50
2018-05-22,26
2018-05-23,28
2018-05-24,46
2018-05-25,53
2018-05-26,34
2018-05-27,34
2018-05-28,31
2018-05-29,48
2018-05-30,40
2018-05-31,44
2018-06-01,46
2018-06-02,28
2018-06-03,27
2018-06-04,53
2018-06-05,74
2018-06-06,39
2018-06-07,22
2018-06-08,29
2018-06-09,48
2018-06-10,49
2018-06-11,42
2018-06-12,36
2018-06-13,40
2018-06-14,31
2018-06-15,63
2018-06-16,52
2018-06-17,50
2018-06-18,53
2018-06-19,65
2018-06-20,27
2018-06-21,34
2018-06-22,31
2018-06-23,36
2018-06-24,46
2018-06-25,54
2018-06-26,44
2018-06-27,31
2018-06-28,54
2018-06-29,59
2018-06-30,32
2018-07-01,42
2018-07-02,68
2018-07-03,44
2018-07-04,32
2018-07-05,40
2018-07-06,39
2018-07-07,40
2018-07-08,35
2018-07-09,41
2018-07-10,47
2018-07-11,39
2018-07-12,38
2018-07-13,42
2018-07-14,57
2018-07-15,39
2018-07-16,56
2018-07-17,48
2018-07-18,38
2018-07-19,47
2018-07-20,28
2018-07-21,32
2018-07-22,35
2018-07-23,44
2018-07-24,36
2018-07-25,48
2018-07-26,35
2018-07-27,44
2018-07-28,38
2018-07-29,45
2018-07-30,36
2018-07-31,55
2018-08-01,31
2018-08-02,38
2018-08-03,39
2018-08-04,39
2018-08-05,37
2018-08-06,60
2018-08-07,55
2018-08-08,31
2018-08-09,40
2018-08-10,51
2018-08-11,39
2018-08-12,41
2018-08-13,33
2018-08-14,40
2018-08-15,34
2018-08-16,34
2018-08-17,41
2018-08-18,41
2018-08-19,40
2018-08-20,39
2018-08-21,52
2018-08-22,27
2018-08-23,45
2018-08-24,47
2018-08-25,26
2018-08-26,51
2018-08-27,25
2018-08-28,67
2018-08-29,27
2018-08-30,39
2018-08-31,54
2018-09-01,38
2018-09-02,31
2018-09-03,35
2018-09-04,35
2018-09-05,55
2018-09-06,29
2018-09-07,44
2018-09-08,19
2018-09-09,49
2018-09-10,33
2018-09-11,31
2018-09-12,45
2018-09-13,42
2018-09-14,30
2018-09-15,25
2018-09-16,48
2018-09-17,40
2018-09-18,36
2018-09-19,33
2018-09-20,33
2018-09-21,34
2018-09-22,30
2018-09-23,41
2018-09-24,43
2018-09-25,35
2018-09-26,47
2018-09-27,37
2018-09-28,47
2018-09-29,45
2018-09-30,46
2018-10-01,39
2018-10-02,18
2018-10-03,36
2018-10-04,34
2018-10-05,62
2018-10-06,42
2018-10-07,29
2018-10-08,41
2018-10-09,37
2018-10-10,33
2018-10-11,36
2018-10-12,43
2018-10-13,30
2018-10-14,63
2018-10-15,38
2018-10-16,17
2018-10-17,32
2018-10-18,33
2018-10-19,31
2018-10-20,33
2018-10-21,37
2018-10-22,41
2018-10-23,33
2018-10-24,22
2018-10-25,41
2018-10-26,46
2018-10-27,24
2018-10-28,38
2018-10-29,40
2018-10-30,33
2018-10-31,41
2018-11-01,30
2018-11-02,31
2018-11-03,28
2018-11-04,35
2018-11-05,37
2018-11-06,29
2018-11-07,40
2018-11-08,50
2018-11-09,44
2018-11-10,34
2018-11-11,50
2018-11-12,27
2018-11-13,57
2018-11-14,23
2018-11-15,25
2018-11-16,48
2018-11-17,24
2018-11-18,38
2018-11-19,46
2018-11-20,41
2018-11-21,30
2018-11-22,40
2018-11-23,24
2018-11-24,31
2018-11-25,35
2018-11-26,25
2018-11-27,32
2018-11-28,24
2018-11-29,55
2018-11-30,26
2018-12-01,39
2018-12-02,41
2018-12-03,43
2018-12-04,35
2018-12-05,16
2018-12-06,29
2018-12-07,36
2018-12-08,31
2018-12-09,41
2018-12-10,42
2018-12-11,32
2018-12-12,46
2018-12-13,35
2018-12-14,33
2018-12-15,29
2018-12-16,31
2018-12-17,31
2018-12-18,41
2018-12-19,38
2018-12-20,45
2018-12-21,45
2018-12-22,22
2018-12-23,32
2018-12-24,36
2018-12-25,42
2018-12-26,37
2018-12-27,32
2018-12-28,42
2018-12-29,38
2018-12-30,41
2018-12-31,26
2019-01-01,43
2019-01-02,32
2019-01-03,29
2019-01-04,48
2019-01-05,19
2019-01-06,38
2019-01-07,20
2019-01-08,38
2019-01-09,27
2019-01-10,37
2019-01-11,38
2019-01-12,36
2019-01-13,37
2019-01-14,24
2019-01-15,32
2019-01-16,43
2019-01-17,37
2019-01-18,56
2019-01-19,29
2019-01-20,36
2019-01-21,33
2019-01-22,32
2019-01-23,28
2019-01-24,47
2019-01-25,29
2019-01-26,22
2019-01-27,32
2019-01-28,38
2019-01-29,43
2019-01-30,23
2019-01-31,46
2019-02-01,31
2019-02-02,27
2019-02-03,34
2019-02-04,28
2019-02-05,41
2019-02-06,54
2019-02-07,43
2019-02-08,52
2019-02-09,31
2019-02-10,32
2019-02-11,38
2019-02-12,31
2019-02-13,39
2019-02-14,28
2019-02-15,68
2019-02-16,19
2019-02-17,24
2019-02-18,26
2019-02-19,32
2019-02-20,37
2019-02-21,58
2019-02-22,45
2019-02-23,40
2019-02-24,33
2019-02-25,32
2019-02-26,38
2019-02-27,24
2019-02-28,38
2019-03-01,50
2019-03-02,36
2019-03-03,33
2019-03-04,27
2019-03-05,45
2019-03-06,33
2019-03-07,28
2019-03-08,44
2019-03-09,30
2019-03-10,37
2019-03-11,48
2019-03-12,34
2019-03-13,39
2019-03-14,39
2019-03-15,42
2019-03-16,46
2019-03-17,32
2019-03-18,32
2019-03-19,42
2019-03-20,31
2019-03-21,50
2019-03-22,50
2019-03-23,39
2019-03-24,47
2019-03-25,35
2019-03-26,49
2019-03-27,37
2019-03-28,40
2019-03-29,39
2019-03-30,32
2019-03-31,28
2019-04-01,35
2019-04-02,28
2019-04-03,47
2019-04-04,32
2019-04-05,48
2019-04-06,31
2019-04-07,41
2019-04-08,44
2019-04-09,39
2019-04-10,35
2019-04-11,49
2019-04-12,27
2019-04-13,29
2019-04-14,35
2019-04-15,60
2019-04-16,32
2019-04-17,27
2019-04-18,50
2019-04-19,26
2019-04-20,39
2019-04-21,38
2019-04-22,42
2019-04-23,36
2019-04-24,46
2019-04-25,36
2019-04-26,54
2019-04-27,32
2019-04-28,35
2019-04-29,66
2019-04-30,38
2019-05-01,37
2019-05-02,44
2019-05-03,38
2019-05-04,26
2019-05-05,43
2019-05-06,59
2019-05-07,43
2019-05-08,28
2019-05-09,49
2019-05-10,49
2019-05-11,39
2019-05-12,29
2019-05-13,46
2019-05-14,39
2019-05-15,38
2019-05-16,37
2019-05-17,46
2019-05-18,37
2019-05-19,44
2019-05-20,47
2019-05-21,45
2019-05-22,55
2019-05-23,48
2019-05-24,39
2019-05-25,33
2019-05-26,36
2019-05-27,40
2019-05-28,49
2019-05-29,43
2019-05-30,51
2019-05-31,59
2019-06-01,43
2019-06-02,53
2019-06-03,39
2019-06-04,64
2019-06-05,40
2019-06-06,70
2019-06-07,42
2019-06-08,23
2019-06-09,36
2019-06-10,51
2019-06-11,40
2019-06-12,65
2019-06-13,33
2019-06-14,61
2019-06-15,45
2019-06-16,57
2019-06-17,38
2019-06-18,33
2019-06-19,38
2019-06-20,44
2019-06-21,41
2019-06-22,41
2019-06-23,24
2019-06-24,50
2019-06-25,74
2019-06-26,31
2019-06-27,31
2019-06-28,39
2019-06-29,34
2019-06-30,51
2019-07-01,48
2019-07-02,46
2019-07-03,49
2019-07-04,43
2019-07-05,37
2019-07-06,27
2019-07-07,69
2019-07-08,51
2019-07-09,41
2019-07-10,41
2019-07-11,28
2019-07-12,44
2019-07-13,23
2019-07-14,47
2019-07-15,46
2019-07-16,37
2019-07-17,34
2019-07-18,51
2019-07-19,38
2019-07-20,29
2019-07-21,39
2019-07-22,52
2019-07-23,40
2019-07-24,27
2019-07-25,40
2019-07-26,63
2019-07-27,39
2019-07-28,31
2019-07-29,45
2019-07-30,42
2019-07-31,37
2019-08-01,44
2019-08-02,47
2019-08-03,45
2019-08-04,45
2019-08-05,59
2019-08-06,37
2019-08-07,47
2019-08-08,48
2019-08-09,49
2019-08-10,48
2019-08-11,52
2019-08-12,43
2019-08-13,26
2019-08-14,44
2019-08-15,37
2019-08-16,37
2019-08-17,45
2019-08-18,45
2019-08-19,42
2019-08-20,27
2019-08-21,45
2019-08-22,53
2019-08-23,37
2019-08-24,36
2019-08-25,39
2019-08-26,56
2019-08-27,46
2019-08-28,49
2019-08-29,47
2019-08-30,41
2019-08-31,42
2019-09-01,43
2019-09-02,43
2019-09-03,44
2019-09-04,40
2019-09-05,42
2019-09-06,46
2019-09-07,41
2019-09-08,49
2019-09-09,70
2019-09-10,47
2019-09-11,50
2019-09-12,42
2019-09-13,36
2019-09-14,32
2019-09-15,51
2019-09-16,40
2019-09-17,39
2019-09-18,39
2019-09-19,41
2019-09-20,29
2019-09-21,46
2019-09-22,48
2019-09-23,62
2019-09-24,48
2019-09-25,45
2019-09-26,49
2019-09-27,55
2019-09-28,53
2019-09-29,46
2019-09-30,63
2019-10-01,43
2019-10-02,40
2019-10-03,43
2019-10-04,42
2019-10-05,33
2019-10-06,48
2019-10-07,35
2019-10-08,33
2019-10-09,36
2019-10-10,39
2019-10-11,43
2019-10-12,23
2019-10-13,56
2019-10-14,51
2019-10-15,29
2019-10-16,57
2019-10-17,44
2019-10-18,57
2019-10-19,28
2019-10-20,44
2019-10-21,49
2019-10-22,45
2019-10-23,33
2019-10-24,26
2019-10-25,36
2019-10-26,29
2019-10-27,36
2019-10-28,41
2019-10-29,32
2019-10-30,63
2019-10-31,52
2019-11-01,50
2019-11-02,30
2019-11-03,47
2019-11-04,38
2019-11-05,39
2019-11-06,35
2019-11-07,39
2019-11-08,52
2019-11-09,43
2019-11-10,20
2019-11-11,35
2019-11-12,42
2019-11-13,73
2019-11-14,42
2019-11-15,49
2019-11-16,45
2019-11-17,34
2019-11-18,53
2019-11-19,40
2019-11-20,59
2019-11-21,52
2019-11-22,48
2019-11-23,28
2019-11-24,53
2019-11-25,68
2019-11-26,36
2019-11-27,60
2019-11-28,32
2019-11-29,32
2019-11-30,43
2019-12-01,54
2019-12-02,32
2019-12-03,31
2019-12-04,31
2019-12-05,34
2019-12-06,45
2019-12-07,37
2019-12-08,42
2019-12-09,55
2019-12-10,41
2019-12-11,47
2019-12-12,39
2019-12-13,58
2019-12-14,36
2019-12-15,50
2019-12-16,65
2019-12-17,45
2019-12-18,54
2019-12-19,45
2019-12-20,51
2019-12-21,40
2019-12-22,57
2019-12-23,54
2019-12-24,34
2019-12-25,52
2019-12-26,50
2019-12-27,50
2019-12-28,64
2019-12-29,43
2019-12-30,59
2019-12-31,30
2020-01-01,64
2020-01-02,28
2020-01-03,66
2020-01-04,48
2020-01-05,51
2020-01-06,48
2020-01-07,43
2020-01-08,36
2020-01-09,41
2020-01-10,59
2020-01-11,49
2020-01-12,52
2020-01-13,51
2020-01-14,31
2020-01-15,53
2020-01-16,46
2020-01-17,64
2020-01-18,49
2020-01-19,47
2020-01-20,35
2020-01-21,46
2020-01-22,38
2020-01-23,45
2020-01-24,62
2020-01-25,34
2020-01-26,49
2020-01-27,36
2020-01-28,48
2020-01-29,37
2020-01-30,23
2020-01-31,57
2020-02-01,30
2020-02-02,38
2020-02-03,43
2020-02-04,59
2020-02-05,50
2020-02-06,45
2020-02-07,68
2020-02-08,61
2020-02-09,31
2020-02-10,52
2020-02-11,54
2020-02-12,48
2020-02-13,44
2020-02-14,56
2020-02-15,47
2020-02-16,60
2020-02-17,41
2020-02-18,40
2020-02-19,40
2020-02-20,26
2020-02-21,79
2020-02-22,43
2020-02-23,40
2020-02-24,41
2020-02-25,40
2020-02-26,34
2020-02-27,39
2020-02-28,65
2020-02-29,60
2020-03-01,40
2020-03-02,71
2020-03-03,36
2020-03-04,50
2020-03-05,25
2020-03-06,66
2020-03-07,48
2020-03-08,39
2020-03-09,47
2020-03-10,34
2020-03-11,50
2020-03-12,64
2020-03-13,46
2020-03-14,42
2020-03-15,65
2020-03-16,42
2020-03-17,50
2020-03-18,58
2020-03-19,46
2020-03-20,62
2020-03-21,35
2020-03-22,31
2020-03-23,49
2020-03-24,37
2020-03-25,43
2020-03-26,43
2020-03-27,43
2020-03-28,48
2020-03-29,36
2020-03-30,54
2020-03-31,62
2020-04-01,37
2020-04-02,63
2020-04-03,65
2020-04-04,42
2020-04-05,46
2020-04-06,26
2020-04-07,63
2020-04-08,60
2020-04-09,59
2020-04-10,56
2020-04-11,61
2020-04-12,76
2020-04-13,53
2020-04-14,45
2020-04-15,60
2020-04-16,47
2020-04-17,41
2020-04-18,62
2020-04-19,59
2020-04-20,61
2020-04-21,48
2020-04-22,54
2020-04-23,58
2020-04-24,48
2020-04-25,39
2020-04-26,59
2020-04-27,77
2020-04-28,39
2020-04-29,57
2020-04-30,63
2020-05-01,41
2020-05-02,64
2020-05-03,64
2020-05-04,57
2020-05-05,52
2020-05-06,45
2020-05-07,71
2020-05-08,53
2020-05-09,55
2020-05-10,69
2020-05-11,43
2020-05-12,51
2020-05-13,68
2020-05-14,60
2020-05-15,84
2020-05-16,42
2020-05-17,57
2020-05-18,78
2020-05-19,49
2020-05-20,45
2020-05-21,45
2020-05-22,92
2020-05-23,65
2020-05-24,58
2020-05-25,88
2020-05-26,71
2020-05-27,98
2020-05-28,56
2020-05-29,73
2020-05-30,31
2020-05-31,44
2020-06-01,59
2020-06-02,31
2020-06-03,38
2020-06-04,51
2020-06-05,64
2020-06-06,53
2020-06-07,40
2020-06-08,57
2020-06-09,47
2020-06-10,60
2020-06-11,39
2020-06-12,46
2020-06-13,56
2020-06-14,45
2020-06-15,70
2020-06-16,77
2020-06-17,65
2020-06-18,60
2020-06-19,54
2020-06-20,28
2020-06-21,50
2020-06-22,72
2020-06-23,41
2020-06-24,56
2020-06-25,39
2020-06-26,50
2020-06-27,53
2020-06-28,37
2020-06-29,40
2020-06-30,66
2020-07-01,104
2020-07-02,64
2020-07-03,46
2020-07-04,40
2020-07-05,54
2020-07-06,52
2020-07-07,67
2020-07-08,58
2020-07-09,54
2020-07-10,45
2020-07-11,43
2020-07-12,44
2020-07-13,51
2020-07-14,46
2020-07-15,45
2020-07-16,45
2020-07-17,35
2020-07-18,63
2020-07-19,42
2020-07-20,71
2020-07-21,52
2020-07-22,76
2020-07-23,49
2020-07-24,47
2020-07-25,52
2020-07-26,41
2020-07-27,39
2020-07-28,51
2020-07-29,46
2020-07-30,61
2020-07-31,50
2020-08-01,51
2020-08-02,51
2020-08-03,60
2020-08-04,46
2020-08-05,49
2020-08-06,52
2020-08-07,44
2020-08-08,69
2020-08-09,51
2020-08-10,81
2020-08-11,50
2020-08-12,59
2020-08-13,47
2020-08-14,56
2020-08-15,45
2020-08-16,56
2020-08-17,76
2020-08-18,69
2020-08-19,38
2020-08-20,50
2020-08-21,52
2020-08-22,51
2020-08-23,47
2020-08-24,62
2020-08-25,39
2020-08-26,62
2020-08-27,50
2020-08-28,53
2020-08-29,42
2020-08-30,47
2020-08-31,74
2020-09-01,48
2020-09-02,58
2020-09-03,49
2020-09-04,47
2020-09-05,43
2020-09-06,52
2020-09-07,48
2020-09-08,66
2020-09-09,47
2020-09-10,63
2020-09-11,63
2020-09-12,37
2020-09-13,44
2020-09-14,76
2020-09-15,57
2020-09-16,56
2020-09-17,49
2020-09-18,50
2020-09-19,55
2020-09-20,60
2020-09-21,56
2020-09-22,36
2020-09-23,59
2020-09-24,72
2020-09-25,29
2020-09-26,44
2020-09-27,54
2020-09-28,78
2020-09-29,49
2020-09-30,61
2020-10-01,41
2020-10-02,47
2020-10-03,41
2020-10-04,46
2020-10-05,54
2020-10-06,58
2020-10-07,67
2020-10-08,44
2020-10-09,45
2020-10-10,42
2020-10-11,49
2020-10-12,61
2020-10-13,49
2020-10-14,68
2020-10-15,53
2020-10-16,52
2020-10-17,34
2020-10-18,43
2020-10-19,63
2020-10-20,68
2020-10-21,50
2020-10-22,53
2020-10-23,51
2020-10-24,34
2020-10-25,55
2020-10-26,82
2020-10-27,51
2020-10-28,54
2020-10-29,48
2020-10-30,46
2020-10-31,37
2020-11-01,62
2020-11-02,67
2020-11-03,51
2020-11-04,56
2020-11-05,61
2020-11-06,64
2020-11-07,39
2020-11-08,52
2020-11-09,54
2020-11-10,67
2020-11-11,74
2020-11-12,49
2020-11-13,48
2020-11-14,37
2020-11-15,55
2020-11-16,49
2020-11-17,72
2020-11-18,47
2020-11-19,69
2020-11-20,55
2020-11-21,55
2020-11-22,43
2020-11-23,51
2020-11-24,40
2020-11-25,47
2020-11-26,60
2020-11-27,32
2020-11-28,30
2020-11-29,43
2020-11-30,77
2020-12-01,64
2020-12-02,62
2020-12-03,66
2020-12-04,54
2020-12-05,55
2020-12-06,45
2020-12-07,85
2020-12-08,69
2020-12-09,64
2020-12-10,62
2020-12-11,59
2020-12-12,40
2020-12-13,74
2020-12-14,88
2020-12-15,71
2020-12-16,60
2020-12-17,58
2020-12-18,50
2020-12-19,46
2020-12-20,57
2020-12-21,80
2020-12-22,88
2020-12-23,79
2020-12-24,62
2020-12-25,54
2020-12-26,58
2020-12-27,55
2020-12-28,77
2020-12-29,86
2020-12-30,72
2020-12-31,58
2021-01-01,62
2021-01-02,42
2021-01-03,58
2021-01-04,62
2021-01-05,80
2021-01-06,67
2021-01-07,64
2021-01-08,46
2021-01-09,58
2021-01-10,44
2021-01-11,53
2021-01-12,68
2021-01-13,53
2021-01-14,45
2021-01-15,57
2021-01-16,54
2021-01-17,79
2021-01-18,55
2021-01-19,65
2021-01-20,60
2021-01-21,62
2021-01-22,36
2021-01-23,80
2021-01-24,61
2021-01-25,84
2021-01-26,47
2021-01-27,83
2021-01-28,55
2021-01-29,44
2021-01-30,64
2021-01-31,67
2021-02-01,67
2021-02-02,42
2021-02-03,47
2021-02-04,80
2021-02-05,49
2021-02-06,39
2021-02-07,61
2021-02-08,60
2021-02-09,65
2021-02-10,66
2021-02-11,43
2021-02-12,34
2021-02-13,42
2021-02-14,59
2021-02-15,21
2021-02-16,39
2021-02-17,34
2021-02-18,66
2021-02-19,38
2021-02-20,56
2021-02-21,53
2021-02-22,57
2021-02-23,49
2021-02-24,50
2021-02-25,68
2021-02-26,64
2021-02-27,45
2021-02-28,47
2021-03-01,48
2021-03-02,48
2021-03-03,51
2021-03-04,54
2021-03-05,40
2021-03-06,57
2021-03-07,63
2021-03-08,67
2021-03-09,67
2021-03-10,45
2021-03-11,69
2021-03-12,56
2021-03-13,52
2021-03-14,82
2021-03-15,63
2021-03-16,54
2021-03-17,37
2021-03-18,67
2021-03-19,60
2021-03-20,48
2021-03-21,55
2021-03-22,58
2021-03-23,74
2021-03-24,49
2021-03-25,69
2021-03-26,70
2021-03-27,69
2021-03-28,51
2021-03-29,86
2021-03-30,65
2021-03-31,68
2021-04-01,70
2021-04-02,50
2021-04-03,61
2021-04-04,42
2021-04-05,77
2021-04-06,63
2021-04-07,82
2021-04-08,63
2021-04-09,61
2021-04-10,51
2021-04-11,63
2021-04-12,80
2021-04-13,93
2021-04-14,62
2021-04-15,62
2021-04-16,57
2021-04-17,65
2021-04-18,48
2021-04-19,53
2021-04-20,53
2021-04-21,57
2021-04-22,53
2021-04-23,60
2021-04-24,48
2021-04-25,74
2021-04-26,67
2021-04-27,63
2021-04-28,56
2021-04-29,75
2021-04-30,68
2021-05-01,71
2021-05-02,71
2021-05-03,56
2021-05-04,69
2021-05-05,56
2021-05-06,78
2021-05-07,56
2021-05-08,53
2021-05-09,54
2021-05-10,61
2021-05-11,67
2021-05-12,75
2021-05-13,73
2021-05-14,53
2021-05-15,40
2021-05-16,61
2021-05-17,61
2021-05-18,53
2021-05-19,51
2021-05-20,71
2021-05-21,51
2021-05-22,43
2021-05-23,75
2021-05-24,77
2021-05-25,71
2021-05-26,38
2021-05-27,53
2021-05-28,57
2021-05-29,69
2021-05-30,45
2021-05-31,61
2021-06-01,70
2021-06-02,58
2021-06-03,48
2021-06-04,52
2021-06-05,70
2021-06-06,44
2021-06-07,62
2021-06-08,67
2021-06-09,50
2021-06-10,49
2021-06-11,61
2021-06-12,56
2021-06-13,31
2021-06-14,68
2021-06-15,76
2021-06-16,45
2021-06-17,48
2021-06-18,67
2021-06-19,64
2021-06-20,48
2021-06-21,63
2021-06-22,55
2021-06-23,58
2021-06-24,55
2021-06-25,52
2021-06-26,38
2021-06-27,57
2021-06-28,77
2021-06-29,80
2021-06-30,48
2021-07-01,50
2021-07-02,51
2021-07-03,56
2021-07-04,74
2021-07-05,64
2021-07-06,55
2021-07-07,50
2021-07-08,70
2021-07-09,55
2021-07-10,41
2021-07-11,68
2021-07-12,68
2021-07-13,54
2021-07-14,44
2021-07-15,55
2021-07-16,59
2021-07-17,60
2021-07-18,48
2021-07-19,62
2021-07-20,49
2021-07-21,58
2021-07-22,53
2021-07-23,58
2021-07-24,63
2021-07-25,39
2021-07-26,61
2021-07-27,62
2021-07-28,68
2021-07-29,47
2021-07-30,53
2021-07-31,40
2021-08-01,51
2021-08-02,65
2021-08-03,75
2021-08-04,66
2021-08-05,50
2021-08-06,50
2021-08-07,44
2021-08-08,39
2021-08-09,62
2021-08-10,59
2021-08-11,62
2021-08-12,57
2021-08-13,93
2021-08-14,47
2021-08-15,62
2021-08-16,52
2021-08-17,61
2021-08-18,45
2021-08-19,56
2021-08-20,55
2021-08-21,62
2021-08-22,55
2021-08-23,64
2021-08-24,46
2021-08-25,55
2021-08-26,48
2021-08-27,63
2021-08-28,54
2021-08-29,45
2021-08-30,82
2021-08-31,40
2021-09-01,55
2021-09-02,63
2021-09-03,50
2021-09-04,62
2021-09-05,41
2021-09-06,86
2021-09-07,58
2021-09-08,57
2021-09-09,55
2021-09-10,62
2021-09-11,44
2021-09-12,72
2021-09-13,55
2021-09-14,53
2021-09-15,48
2021-09-16,65
2021-09-17,57
2021-09-18,56
2021-09-19,61
2021-09-20,67
2021-09-21,49
2021-09-22,56
2021-09-23,50
2021-09-24,39
2021-09-25,44
2021-09-26,51
2021-09-27,67
2021-09-28,63
2021-09-29,57
2021-09-30,47
2021-10-01,52
2021-10-02,45
2021-10-03,62
2021-10-04,50
2021-10-05,45
2021-10-06,53
2021-10-07,61
2021-10-08,63
2021-10-09,49
2021-10-10,61
2021-10-11,48
2021-10-12,56
2021-10-13,43
2021-10-14,66
2021-10-15,52
2021-10-16,40
2021-10-17,37
2021-10-18,35
2021-10-19,44
2021-10-20,46
2021-10-21,51
2021-10-22,58
2021-10-23,53
2021-10-24,73
2021-10-25,52
2021-10-26,72
2021-10-27,62
2021-10-28,65
2021-10-29,35
2021-10-30,54
2021-10-31,55
2021-11-01,66
2021-11-02,45
2021-11-03,54
2021-11-04,41
2021-11-05,61
2021-11-06,33
2021-11-07,55
2021-11-08,45
2021-11-09,55
2021-11-10,51
2021-11-11,53
2021-11-12,61
2021-11-13,51
2021-11-14,45
2021-11-15,44
2021-11-16,61
2021-11-17,53
2021-11-18,49
2021-11-19,41
2021-11-20,35
2021-11-21,45
2021-11-22,63
2021-11-23,54
2021-11-24,44
2021-11-25,52
2021-11-26,49
2021-11-27,36
2021-11-28,42
2021-11-29,84
2021-11-30,72
2021-12-01,52
2021-12-02,70
2021-12-03,44
2021-12-04,52
2021-12-05,80
2021-12-06,53
2021-12-07,52
2021-12-08,74
2021-12-09,42
2021-12-10,54
2021-12-11,40
2021-12-12,68
2021-12-13,40
2021-12-14,53
2021-12-15,58
2021-12-16,41
2021-12-17,53
2021-12-18,35
2021-12-19,62
2021-12-20,37
2021-12-21,53
2021-12-22,38
2021-12-23,65
2021-12-24,44
2021-12-25,37
2021-12-26,53
2021-12-27,50
2021-12-28,45
2021-12-29,58
2021-12-30,51
2021-12-31,62
2022-01-01,50
2022-01-02,58
2022-01-03,24
2022-01-04,46
2022-01-05,56
2022-01-06,77
2022-01-07,41
2022-01-08,50
2022-01-09,50
2022-01-10,47
2022-01-11,44
2022-01-12,55
2022-01-13,44
2022-01-14,33
2022-01-15,56
2022-01-16,41
2022-01-17,49
2022-01-18,30
2022-01-19,31
2022-01-20,53
2022-01-21,52
2022-01-22,34
2022-01-23,40
2022-01-24,37
2022-01-25,44
2022-01-26,55
2022-01-27,33
2022-01-28,37
2022-01-29,32
2022-01-30,30
2022-01-31,52
2022-02-01,53
2022-02-02,67
2022-02-03,66
2022-02-04,31
2022-02-05,43
2022-02-06,34
2022-02-07,57
2022-02-08,65
2022-02-09,29
2022-02-10,44
2022-02-11,43
2022-02-12,40
2022-02-13,49
2022-02-14,63
2022-02-15,71
2022-02-16,45
2022-02-17,51
2022-02-18,53
2022-02-19,50
2022-02-20,53
2022-02-21,52
2022-02-22,39
2022-02-23,47
2022-02-24,49
2022-02-25,50
2022-02-26,43
2022-02-27,34
2022-02-28,51
2022-03-01,51
2022-03-02,39
2022-03-03,49
2022-03-04,67
2022-03-05,32
2022-03-06,52
2022-03-07,57
2022-03-08,53
2022-03-09,46
2022-03-10,76
2022-03-11,52
2022-03-12,47
2022-03-13,49
2022-03-14,30
2022-03-15,43
2022-03-16,36
2022-03-17,47
2022-03-18,48
2022-03-19,45
2022-03-20,46
2022-03-21,51
2022-03-22,41
2022-03-23,57
2022-03-24,36
2022-03-25,27
2022-03-26,6
2022-03-27,79
2022-03-28,61
2022-03-29,46
2022-03-30,59
2022-03-31,39
2022-04-01,57
2022-04-02,24
2022-04-03,46
2022-04-04,52
2022-04-05,53
2022-04-06,34
2022-04-07,33
2022-04-08,30
2022-04-09,39
2022-04-10,38
2022-04-11,43
2022-04-12,22
2022-04-13,43
2022-04-14,40
2022-04-15,42
2022-04-16,44
2022-04-17,27
2022-04-18,71
2022-04-19,53
2022-04-20,44
2022-04-21,36
2022-04-22,56
2022-04-23,30
2022-04-24,36
2022-04-25,67
2022-04-26,54
2022-04-27,69
2022-04-28,55
2022-04-29,43
2022-04-30,42
2022-05-01,42
2022-05-02,43
2022-05-03,49
2022-05-04,53
2022-05-05,39
2022-05-06,32
2022-05-07,41
2022-05-08,54
2022-05-09,54
2022-05-10,51
2022-05-11,45
2022-05-12,38
2022-05-13,30
2022-05-14,48
2022-05-15,43
2022-05-16,24
2022-05-17,47
2022-05-18,51
2022-05-19,46
2022-05-20,40
2022-05-21,34
2022-05-22,44
2022-05-23,68
2022-05-24,57
2022-05-25,46
2022-05-26,43
2022-05-27,31
2022-05-28,50
2022-05-29,40
2022-05-30,52
2022-05-31,51
2022-06-01,39
2022-06-02,38
2022-06-03,31
2022-06-04,52
2022-06-05,36
2022-06-06,37
2022-06-07,41
2022-06-08,38
2022-06-09,45
2022-06-10,43
2022-06-11,35
2022-06-12,30
2022-06-13,47
2022-06-14,55
2022-06-15,47
2022-06-16,56
2022-06-17,31
2022-06-18,32
2022-06-19,37
2022-06-20,54
2022-06-21,26
2022-06-22,46
2022-06-23,27
2022-06-24,30
2022-06-25,43
2022-06-26,50
2022-06-27,55
2022-06-28,34
2022-06-29,45
2022-06-30,37
2022-07-01,39
2022-07-02,38
2022-07-03,35
2022-07-04,46
2022-07-05,49
2022-07-06,45
2022-07-07,41
2022-07-08,47
2022-07-09,51
2022-07-10,42
2022-07-11,54
2022-07-12,49
2022-07-13,44
2022-07-14,35
2022-07-15,52
2022-07-16,53
2022-07-17,20
2022-07-18,58
2022-07-19,64
2022-07-20,37
2022-07-21,42
2022-07-22,40
2022-07-23,29
2022-07-24,29
2022-07-25,48
2022-07-26,42
2022-07-27,26
2022-07-28,30
2022-07-29,40
2022-07-30,30
2022-07-31,31
2022-08-01,56
2022-08-02,53
2022-08-03,39
2022-08-04,42
2022-08-05,29
2022-08-06,43
2022-08-07,32
2022-08-08,39
2022-08-09,34
2022-08-10,44
2022-08-11,37
2022-08-12,31
2022-08-13,22
2022-08-14,48
2022-08-15,65
2022-08-16,30
2022-08-17,58
2022-08-18,38
2022-08-19,44
2022-08-20,33
2022-08-21,34
2022-08-22,50
2022-08-23,31
2022-08-24,58
2022-08-25,32
2022-08-26,49
2022-08-27,33
2022-08-28,30
2022-08-29,39
2022-08-30,25
2022-08-31,42
2022-09-01,41
2022-09-02,39
2022-09-03,29
2022-09-04,43
2022-09-05,44
2022-09-06,31
2022-09-07,41
2022-09-08,35
2022-09-09,27
2022-09-10,27
2022-09-11,49
2022-09-12,39
2022-09-13,33
2022-09-14,48
2022-09-15,28
2022-09-16,32
2022-09-17,31
2022-09-18,33
2022-09-19,49
2022-09-20,24
2022-09-21,36
2022-09-22,52
2022-09-23,24
2022-09-24,40
2022-09-25,24
2022-09-26,42
2022-09-27,24
2022-09-28,48
2022-09-29,41
2022-09-30,45
2022-10-01,22
2022-10-02,46
2022-10-03,34
2022-10-04,44
2022-10-05,40
2022-10-06,34
2022-10-07,23
2022-10-08,37
2022-10-09,47
2022-10-10,35
2022-10-11,68
2022-10-12,27
2022-10-13,34
2022-10-14,34
2022-10-15,47
2022-10-16,33
2022-10-17,38
2022-10-18,36
2022-10-19,44
2022-10-20,37
2022-10-21,41
2022-10-22,48
2022-10-23,32
2022-10-24,35
2022-10-25,31
2022-10-26,34
2022-10-27,30
2022-10-28,24
2022-10-29,27
2022-10-30,37
2022-10-31,36
2022-11-01,34
2022-11-02,30
2022-11-03,32
2022-11-04,34
2022-11-05,30
2022-11-06,26
2022-11-07,58
2022-11-08,35
2022-11-09,34
2022-11-10,25
2022-11-11,43
2022-11-12,29
2022-11-13,24
2022-11-14,28
2022-11-15,29
2022-11-16,18
2022-11-17,29
2022-11-18,31
2022-11-19,13
2022-11-20,32
2022-11-21,33
2022-11-22,34
2022-11-23,33
2022-11-24,39
2022-11-25,36
2022-11-26,32
2022-11-27,41
2022-11-28,28
2022-11-29,30
2022-11-30,30
2022-12-01,35
2022-12-02,37
2022-12-03,25
2022-12-04,43
2022-12-05,25
2022-12-06,32
2022-12-07,32
2022-12-08,34
2022-12-09,30
2022-12-10,29
2022-12-11,25
2022-12-12,40
2022-12-13,33
2022-12-14,27
2022-12-15,24
2022-12-16,22
2022-12-17,14
2022-12-18,23
2022-12-19,27
2022-12-20,27
2022-12-21,25
2022-12-22,20
2022-12-23,14
2022-12-24,22
2022-12-25,22
2022-12-26,45
2022-12-27,26
2022-12-28,24
2022-12-29,32
2022-12-30,10
2022-12-31,16
